Python,4670
機械学習,518
python3,506
DeepLearning,334
TensorFlow,247
Django,161
Jupyter,148
numpy,138
OpenCV,133
pandas,132
matplotlib,132
Keras,130
MachineLearning,125
AWS,106
#migrated,104
数学,94
RaspberryPi,93
scikit-learn,93
Anaconda,92
Mac,89
Chainer,87
自然言語処理,86
pyenv,75
Flask,73
画像処理,72
python2.7,68
pip,67
Ruby,65
言語処理100本ノック,64
Windows,62
データ分析,60
docker,60
数値計算,58
科学技術計算,57
lambda,53
初心者,52
深層学習,47
JavaScript,47
最適化,47
計算物理学,47
Selenium,46
Slack,43
物理,42
スクレイピング,41
Pycharm,40
Twitter,39
C,37
C++,35
virtualenv,35
組合せ最適化,33
Bitcoin,33
プログラミング,33
強化学習,32
api,32
scipy,32
R,32
PHP,31
Kaggle,31
MySQL,31
Kivy,30
Linux,30
人工知能,30
統計学,28
Scrapy,27
CentOS,27
Finance,26
word2vec,26
sympy,26
NLP,25
IoT,24
boto3,24
Bluemix,24
mecab,24
Java,23
データサイエンス,22
可視化,22
GoogleCloudPlatform,22
JSON,22
Ubuntu,22
ニューラルネットワーク,20
Heroku,20
MacOSX,20
アルゴリズム,20
CNTK,19
BeautifulSoup,19
TwitterAPI,19
Go,19
listOperation,19
Windows10,18
PyQt,18
CSV,18
pillow,18
homebrew,18
Vim,18
seaborn,18
bioinformatics,18
備忘録,18
プログラミング教育,18
Python2,17
環境構築,17
ディープラーニング,17
GAE,17
Azure,17
bot,17
slackbot,16
datetime,16
PyQt5,16
sqlalchemy,16
ComputerVision,16
LSTM,16
Excel,16
統計,16
ゼロから作るDeep-Learning,16
scraping,15
画像認識,15
borgWarp,15
Bokeh,14
正規表現,14
PyTorch,14
yhpg,14
ATOM,14
stringOperation,14
PRML,14
Pythonista,13
Pepper,13
linebot,13
GoogleAppEngine,13
Zsh,13
IPython,13
nginx,13
Requests,13
Node.js,12
どう書く,12
Cython,12
Network,12
CUDA,12
MongoDB,12
CNN,12
Sphinx,12
競技プログラミング,12
MNIST,12
Qt,12
プログラミング学習,12
sklearn,11
Perl,11
Swift,11
VSCode,11
GitHub,11
Redis,11
テキストマイニング,11
VisualStudioCode,11
difference,11
fileIO,11
zaif,10
Bash,10
PhantomJS,10
NFC,10
Ansible,10
SoftLayer,10
Watson,10
vagrant,10
django-rest-framework,10
形態素解析,10
Chrome,10
HTML,10
mastodon,10
Quantopian,10
test,9
unittest,9
PyQ,9
fabric,9
Raspberrypi3,9
シミュレーション,9
pyenv-virtualenv,9
Markdown,9
自動化,9
googleapi,9
顔認識,9
PIL,9
plotly,9
ShellScript,9
uwsgi,9
gensim,9
S3,9
線形代数,9
conda,8
twilio,8
networkx,8
Theano,8
DQN,8
VisualStudio,8
Apache,8
doc2vec,8
cloud9,8
EC2,8
DataScience,8
math,8
centos7,8
HTTP,8
時系列解析,8
dictionary,8
PyPI,8
SQLServer,8
RevoScalePy,8
Luigi,8
kintone,8
WebAPI,7
RNN,7
ubuntu16.04,7
Tkinter,7
macos,7
selenium-webdriver,7
fitbit,7
メモ,7
Blockchain,7
PEP8,7
Jupyter-notebook,7
redash,7
クラスタリング,7
Line,7
OpenCV-Python,7
LINEmessagingAPI,7
venv,7
AI,7
Friday-IO,7
xgboost,7
無,7
serverless,7
AppEngine,7
tweepy,7
Git,7
algorithm,7
Numba,7
PyData,7
PySide,7
jinja2,7
Udacity,7
iOS,7
lisp,7
Choregraphe,7
Spark,6
SQL,6
FX,6
Blender,6
Cisco,6
クローラー,6
WordPress,6
tornado,6
geometry,6
dlib,6
プログラミング初心者,6
statsmodels,6
bitflyer,6
Visualization,6
PDF,6
NeuralNetwork,6
tips,6
AtCoder,6
list,6
statistics,6
ポエム,6
PostgreSQL,6
XML,6
入門,6
DynamoDB,6
MXNet,6
maya,6
difficultToSearch,6
SmartTrade,6
mod_wsgi,6
google,6
debug,6
OSX,6
lightgbm,6
Facebook,6
OpenAIGym,6
ビットコイン,6
analytics,6
NAOqi,6
WRF,6
有限要素法,6
FPGA,6
Qiita,6
OpenCV3,6
マルチプラットフォーム,6
行列,5
janome,5
DataVisualization,5
Elasticsearch,5
zabbix,5
pickle,5
リスト,5
GPU,5
ESP-WROOM-32,5
OCR,5
Webスクレイピング,5
Tensorboard,5
Fortran,5
Julia,5
multiprocessing,5
BluemixInfrastructure,5
argparse,5
Android,5
asyncio,5
Ethereum,5
仮想環境,5
パーセプトロン,5
Spyder,5
PyInstaller,5
Stan,5
VisualStudio2017,5
Pyaudio,5
Basemap,5
matlab,5
ImageProcessing,5
shell,5
micropython,5
音声認識,5
自分用メモ,5
統計学入門,5
fastText,5
仮想通貨,5
トピックモデル,5
SLAM,5
pulp,5
SQLite3,5
株価,5
開発環境,5
memo,5
jira,5
GoogleCloudDataflow,5
hy,5
interferometry,5
ALMA,5
seq2seq,4
ifttt,4
bottle,4
OAuth,4
APIGateway,4
LoRaWan,4
error,4
Tableau,4
neovim,4
HOUDINI,4
PowerShell,4
scikit-image,4
CloudWatch,4
raspbian,4
Debian,4
Security,4
ffmpeg,4
gdb,4
docomoAPI,4
scapy,4
bluetooth,4
GIS,4
FizzBuzz,4
setup,4
Caffe,4
gcp,4
Firebase,4
GUI,4
データ可視化,4
Mock,4
VirtualBox,4
ネットワーク,4
Electron,4
パズル,4
初心者向け,4
テスト,4
socket,4
Celery,4
virtualenvwrapper,4
ロジスティック回帰,4
グラフ,4
processing,4
Word,4
Haskell,4
testing,4
高速化,4
Web,4
zip,4
ipywidgets,4
mitmproxy,4
link,4
Cabocha,4
REST-API,4
bat,4
データマイニング,4
ゲームAI,4
ゲームプログラミング,4
金融,4
gunicorn,4
pytest,4
Python3.5,4
IntelliJ,4
暗号,4
SSL,4
datastore,4
setuptools,4
Graphviz,4
C#,4
unicode,4
構造解析,4
FEM,4
PYNQ,4
tuple,4
jpeg,4
オセロ,4
taxii,4
TechEnglish,4
軌道,4
OpenGoddard,4
多変量解析,4
EV3,4
ev3dev,4
ラジオ,4
SDR,4
KVS,4
leveldb,4
GPS,3
制御工学,3
PythonControl,3
Miniconda,3
AmazonDashButton,3
prophet,3
graph,3
python3.6,3
DataFrame,3
セキュリティ,3
SSH,3
ObjectDetectionAPI,3
K-means,3
DSX,3
組み込み,3
Scratch,3
Cygwin,3
動画,3
IronPython,3
AWSLambda,3
ワンライナー,3
新人プログラマ応援,3
BLE,3
geopandas,3
coincheck,3
Flask-SQLAlchemy,3
WebDriver,3
aws-cli,3
Arduino,3
テスト自動化,3
横浜ガジェット祭り,3
異常検知,3
HighSierra,3
JupyterLab,3
データサイエンティスト,3
Biopython,3
common-lisp,3
DCGAN,3
log,3
C言語,3
インストール,3
pyserial,3
GoogleDrive,3
letsencrypt,3
CTF,3
Autoencoder,3
ラムダ式,3
wavelet,3
gpio,3
Kinesis,3
UE4,3
Trading,3
prompt,3
curl,3
Arrow,3
翻訳,3
crawler,3
Cryptocurrency,3
PyStan,3
TCP,3
柏木由紀,3
YAML,3
pygame,3
微分方程式,3
xarray,3
オブジェクト指向,3
NNabla,3
決定木,3
golang,3
画像,3
lcd,3
Kafka,3
ses,3
runtimeArgument,3
pyodbc,3
QGIS,3
peewee,3
HoloViews,3
Emacs,3
framework,3
ROS,3
モンテカルロ法,3
Sierra,3
detectMultiScale,3
redhat,3
代数学,3
websocket,3
SensorTag,3
CheckIO,3
関数型プログラミング,3
Pycrypto,3
BashOnUbuntuOnWindows,3
rest,3
rust,3
ElementTree,3
ReadtheDocs,3
Atlassian,3
oled,3
beautifulsoup4,3
Lua,3
Torch,3
aes,3
bigquery,3
sar,3
d3.js,3
chalice,3
YouTube,3
proxy,3
Ambient,3
言語処理,3
openssl,3
MessagePack,3
Eclipse,3
Xcode,3
PyCall,3
ベイズ最適化,3
ESP8266,3
文字コード,3
Julius,3
datalab,3
library,3
textmining,3
wordcloud,3
brew,3
randomForest,3
nltk,3
カラーピッカー,3
パレットツール,3
DataMining,3
class,2
SEO,2
MobileNet,2
bootstrap,2
HTML5,2
paiza.IO,2
電子工作,2
Microsoft,2
Rails,2
Firehose,2
nfcpy,2
Astronomy,2
Pipenv,2
Thread,2
OpenGL,2
ORM,2
Stretch,2
GoogleCalendar,2
ハングアウト,2
GSuite,2
Django1.11,2
pymysql,2
主成分分析,2
cobol,2
animation,2
WorldBank,2
SuperCollider,2
foxdot,2
WSL,2
game,2
ターミナル,2
microbit,2
arxiv,2
Plone,2
UNIX,2
Matrix,2
ベイズ,2
GeoCoding,2
Optimization,2
cvxopt,2
Alexa,2
文章生成,2
kibana,2
プログラミング言語,2
ライブラリ,2
borgSensorSystem1,2
RPi,2
なろう,2
モデリング,2
資格,2
highcharts,2
re,2
ReKognition,2
alias,2
Movidius,2
vmware,2
matrix-factorization,2
NMF,2
java8,2
logging,2
systemd,2
Clojure,2
グラフ理論,2
ソフトウェア設計,2
oracle,2
Darknet,2
ctf4b,2
CaptureTheFlag,2
color,2
VBA,2
cx_Freeze,2
nosql,2
pymongo,2
Greengrass,2
regex,2
twython,2
sudo,2
cron,2
tesseract-ocr,2
LINQ,2
Quantx,2
PyConJP,2
reStructuredText,2
Illustration2Vec,2
回帰,2
RPy2,2
BingImageSearch,2
npm,2
カメラ,2
TypeScript,2
論文読み,2
Cerberus,2
Pygments,2
botocore,2
センサー,2
clang,2
構文解析,2
IDE,2
リファクタリング,2
mail,2
amazonses,2
nginx-unit,2
Datadog,2
firefox,2
音楽情報処理,2
GoogleAnalytics,2
tutorial,2
paiza,2
bing,2
install,2
勉強会,2
LDA,2
xbrl,2
データセット,2
aws-sdk,2
flycapture,2
PointGrey,2
PyCapture2,2
チートシート,2
CI,2
ソーシャルゲーム,2
route53,2
ネタ,2
Q学習,2
naturalLanguageAPI,2
flake8,2
ConvolutionalNeuralNetworks,2
httpie,2
Brython,2
regexp,2
ctypes,2
オープンデータ,2
timerEvent,2
juman++,2
openstack,2
マルコフ連鎖,2
wxpython,2
RSSI,2
PyQGIS,2
OpenCV3.2,2
dlang,2
Basic認証,2
CiscoSpark,2
顔検出,2
並列化,2
人感センサー,2
Polyglot,2
zynq,2
学習,2
lxml,2
cognito,2
coreML,2
GooglePlayMusic,2
python-vlc,2
A3RT,2
CSS,2
fish,2
Elona,2
おうちハック,2
非同期処理,2
generator,2
ジェネレータ,2
urllib,2
grib,2
grib2,2
QiitaAPI,2
sort,2
英語,2
Angular2,2
Amazon,2
ブロックチェーン,2
python-docx,2
watchdog,2
bitcoind,2
factory_boy,2
BigGorilla,2
Paas,2
数理最適化,2
ドキュメンテーション,2
TA-Lib,2
Cloudant,2
nanopineo,2
メモリ,2
date,2
未経験,2
CircleCI,2
地図,2
Sony,2
PyMC3,2
パターン認識と機械学習,2
batch,2
Jekyll,2
pelican,2
static_site_generator,2
Nikola,2
金融工学,2
システムトレード,2
ipython_notebook,2
I18n,2
Openpyxl,2
ApacheBeam,2
wav,2
p5.js,2
クローリング,2
PyPDF2,2
csrf,2
dashDB,2
bioinfomatics,2
PNM,2
pbm,2
Mathematica,2
grumpy,2
応力解析,2
回帰分析,2
pyramid,2
AngularJS,2
認証,2
Cybozu,2
ベイズ推定,2
svm,2
コマンドライン,2
python-fire,2
Realflow,2
ソート,2
openFrameworks,2
データ解析,2
GoogleDriveAPI,2
待ち行列,2
アイドルマスターシンデレラガールズ,2
anyenv,2
重回帰分析,2
vue.js,2
OSS,2
小林さんちのメイドラゴン,2
RubyOnRails,2
trap,2
Polyphony,2
四元数,2
subprocess,2
convolution,2
AsciiArt,2
pyautogui,2
googlecomputeengine,2
DBSCAN,2
AzureSQLデータベース,2
初学者向け,2
Edison,2
BluetoothLE,2
日本語,2
Webクローリング,2
splash,2
Terminal,2
ev3dev-lang-python,2
初心者エンジニア,2
作図,2
Shift_JIS,2
GPyOpt,2
SVG,2
GNURadio,2
aws-iot,2
Modelica,2
行列プログラマー,2
TLS,2
本の勉強,2
暗号通貨,1
Function,1
WinPython,1
QtDesigner,1
DNN,1
アフィリエイト,1
AmazonAdvertisingAPI,1
Dataset,1
gitbash,1
GitForWindows,1
xafs,1
Dilated-convolution,1
インナークラス,1
バウンドインナークラス,1
はじパタ,1
Computerv,1
レコメンド,1
GroupBy,1
pyedflib,1
DockerHub,1
headless-chrome,1
前処理,1
bzip2,1
Troubleshooting,1
Cinema4D,1
MT4,1
RC-S380,1
SAS,1
interface,1
FAC,1
ゼロから始めるデータサイエンス,1
dstack,1
pyquery,1
BGL,1
数値,1
Mattermost,1
Unity,1
まとめ,1
CPU,1
,Java,,1
フォント,1
Splatoon,1
enum,1
model,1
MIDI,1
tracking,1
追跡,1
マーチンゲール法,1
ギャンブル,1
ベッティングシステム,1
QRcode,1
DirectoryAPI,1
nomkl,1
WebRTC,1
twilog,1
マルチスレッド,1
vobject,1
pigpio,1
Hangouts,1
vlfeat,1
moviepy,1
列の追加,1
MongoEngine,1
kms,1
cvtColor,1
xsrf,1
RestletClient,1
ダミー変数,1
irMagician,1
GoogleHome,1
LeapMotion,1
デフォルト値,1
デフォルト式,1
Counterparty,1
federatednode,1
ラダイト運動,1
artistanimation,1
Plot,1
OSC,1
ibmcloud,1
カンマ区切り,1
カンマ,1
ダブルコーテーション,1
isnull,1
Chromium,1
WindowsSubsystemForLinux,1
spherepts,1
GoogleVisionAPI,1
SpeechToText,1
子供教育,1
IoTCore,1
tinder,1
dmm,1
ログインフォーム,1
grasshopper,1
rhinoceros,1
discord,1
MusicBot,1
codility,1
Django,,1
egpu,1
blog_collection,1
CPython,1
ライブコーディング,1
buildout,1
plone4.x,1
grl,1
docopt,1
optparse,1
getopt,1
FileMaker,1
逆強化学習,1
RPA,1
FusionTables,1
StackOverflow,1
ジオコーディング,1
werkzeug,1
pykakasi,1
node-red,1
AmazonEcho,1
Zaim,1
airflow,1
web3.py,1
乱数,1
フィボナッチ数列,1
デコレータ,1
SCons,1
assembly,1
Wireshark,1
再帰,1
lambda式,1
読書,1
lifehack,1
読書会,1
勉強,1
paper,1
CompressedSensing,1
hoge,1
ジョーク,1
赤外線リモコン,1
感熱紙,1
サーマルプリンタ,1
profile,1
バイオシェル芸,1
pyvenv,1
画像処理ツール,1
Wikipedia,1
地理空間情報解析,1
GoogleAssistant,1
codic,1
Python3エンジニア認定基礎試験,1
統計的因果探索,1
update,1
メソッド,1
backlog,1
プレミアムフライデー,1
jtalk,1
tech_surf,1
CookieClicker,1
lifelines,1
プラズマ物理,1
位置情報,1
地理情報,1
tile38,1
lineat,1
line-bot-sdk,1
messaging-api,1
gspread,1
Polly,1
DjangoGirlsJapan,1
Pyharm,1
VideoCapture,1
数独,1
データ加工,1
アソシエーション分析,1
Recommendation,1
anadonda,1
VyOS,1
EdgeRouter,1
PlaidML,1
REPL,1
デザインパターン,1
,camera,,1
pyvmomi,1
時系列データ,1
Poisson分布,1
3σ法,1
module,1
Brainf*ck,1
document,1
Fortran90,1
tqdm,1
青空文庫,1
アプリ開発,1
switch文,1
分枝限定法,1
UPS,1
簡単,1
cx_Oracle,1
環境設定,1
ポインタ,1
Pointer,1
mariadb,1
deploy,1
bitbucket,1
BitbucketPipelines,1
XorShift,1
input,1
標準入力,1
windows7,1
プログラム設計,1
ntp,1
zshrc,1
restframework,1
serializer,1
スニペット,1
並び替え,1
言語解析,1
neologd,1
archLinux,1
AmazonSQS,1
ダイソー,1
全文検索,1
augmentation,1
KDD2016,1
ODBC,1
a,1
情シス,1
cert-bot,1
python2-dialog,1
NNVM,1
CloudFirestore,1
samba,1
pysmb,1
クソコード,1
geth,1
illuminant,1
daylight,1
SpectralDistribution,1
pyz3,1
コードリーディング,1
DB,1
ONVIF,1
AzureFunctions,1
PowerPoint,1
stats,1
素因数分解,1
整数最適化,1
mlpy,1
Keras2.0,1
Garmin,1
ANT+,1
HttpServer,1
formula,1
patsy,1
pybind11,1
Charles,1
regularexpression,1
OneLiner,1
if文,1
eog,1
appOperation,1
非同期並列処理,1
OpenMV,1
pycurl,1
React,1
ロジスティック写像,1
カオス,1
ImageMagick,1
RRT,1
PathPlanning,1
scrape,1
crawl,1
Typetalk,1
過学習,1
mkl,1
差し込み印刷,1
Z3,1
Flask-login,1
chatwork,1
Flask-Bootstrap,1
類似画像検索,1
pymc,1
ASA,1
mvc,1
observer,1
Webアプリケーション,1
Webアプリ,1
TDD,1
jQuery,1
スタックバッファオーバーフロー,1
gist,1
CentOS6,1
node-gyp,1
AmazonSNS,1
バッチ処理,1
Trello,1
相転移,1
Parquet,1
インターン,1
logicapps,1
OpenFaaS,1
prompt_toolkit,1
仏教,1
マインドフルネス,1
Projector,1
GoogleCloudSQL,1
KML,1
GoogleEarth,1
RaspberryPiZeroW,1
AquesTalk,1
sci,1
センサネットワークモジュール,1
anyPi,1
PiConsoleIF,1
対話システム,1
コーディング,1
Rodeo,1
チャットbot,1
相対import,1
ExternalTools,1
Format,1
書式文字列,1
metaprogramming,1
Splunk,1
TeX,1
EPUB,1
Kindle,1
epub3,1
ポケモン,1
ベイズ統計学,1
マルコフ連鎖モンテカルロ法,1
gphoto2,1
report,1
toggl,1
Tor,1
dicom,1
neuralstyle,1
画風変換,1
highlight.js,1
標準偏差,1
分散,1
最頻値,1
例外処理,1
GoogleSpeechAPI,1
一次方程式,1
HttpClient,1
並列処理,1
WP-REST-API,1
scrapely,1
TCPIP,1
ソケット通信,1
RESTful,1
確率,1
translation,1
boto,1
UnicodeEncodeError,1
Pandoc,1
MySQL-Python,1
serverspec,1
poloniex,1
WeasyPrint,1
concurrent,1
keydown,1
キー入力,1
メール送信,1
smtplib,1
GDAL,1
TIFF,1
さくらのVPS,1
daemon,1
num2words,1
Make,1
configure,1
AttentionModels,1
imap4,1
勉強会メモ,1
ハッカソン,1
#python,1
#python3,1
#ProjectEve,1
Mayavi,1
admin,1
ニコニコ動画,1
TFRecords,1
MicrosoftCognitiveServices,1
gRPC,1
制御コード,1
CSI,1
jupy,1
unidic,1
qLearning,1
EDINET,1
xampp,1
GoogleCloudStorage,1
CloudSpeechAPI,1
kmeans,1
AzureStorage,1
ping,1
協調フィルタリング,1
pyflakes,1
GeneOntrogy,1
ハッシュ,1
DI,1
DependencyInjection,1
Base91,1
for,1
enumerate,1
4d,1
cinema,1
morriswatermazetest,1
bookmarklet,1
ブックマークレット,1
GCC,1
Routing,1
URL,1
PDB,1
GAMESS,1
Ideone,1
Fathom,1
チューニング,1
AzureIoTHub,1
fintech,1
Scrapinghub,1
django-app,1
appjar,1
Notepad++,1
mogonDB,1
WAIC,1
囲碁,1
exif,1
CloudStorage,1
コンパイラ,1
パーサ,1
x86,1
geohash,1
quadkey,1
OpenLocationCode,1
fPIC,1
Antergos,1
SNLI,1
ﾄﾞﾝﾄﾞｺﾄﾞﾝﾄﾞｺ,1
Site24x7,1
StatusCake,1
計算グラフ,1
Pipeline,1
SparseCoding,1
Hyper-V,1
CData,1
gmail,1
OpenPose,1
機械学習入門,1
DashBoard,1
gentelella,1
エミュレータ,1
opendevcon,1
NLI,1
チュートリアル,1
detascience,1
apache-beam,1
モブプログラミング,1
AzureKeyVault,1
GPGPU,1
PyCUDA,1
shuffle,1
patch,1
I2C,1
motobit,1
lifelog,1
microservices,1
OAuth2.0,1
FeliCa,1
libpafe,1
Sarsa,1
Dash,1
ちょいプロ,1
HSP,1
github,,1
elpy,1
kubernetes,1
逆ポーランド記法,1
WTForms,1
ipmsg,1
headless,1
マストドン,1
天気予報,1
docker-compose,1
Selenide,1
selene,1
png,1
grovepi,1
Grove,1
isort,1
ARM,1
PlotlyDash,1
移行,1
VGG16,1
勤怠管理,1
天気,1
Yum,1
StreamAPI,1
RSS,1
文字列置換,1
gmusicapi,1
ApacheToree,1
3.5.1,1
Trac,1
音声処理,1
json-rpc,1
スレッド,1
wsgi,1
HerokuCLI,1
lxc,1
image,1
解決,1
FineTuning,1
転移学習,1
バッチファイル,1
数字,1
うるう年,1
nanodegree,1
Iterator,1
イテレータ,1
SSL証明書,1
labelImg,1
3.6,1
heatmap,1
JetsonTX2,1
jupyternotebook,1
AUC,1
bashrc,1
行列計算,1
GoogleSpreadSheet,1
緑本,1
データ解析のための統計モデリング入門,1
遺伝的アルゴリズム,1
3dsMax,1
FBX,1
text,1
pdfminer,1
FIRフィルタ,1
Dropbox,1
CloudStack,1
内包表記,1
mecab-python,1
Objective-C,1
iPhone,1
Elixir,1
GraphAPI,1
ランダムフォレスト,1
GridSearch,1
Prolog,1
Hex,1
ComputationalGraph,1
Webサービス,1
Encording,1
DecisionTreeClassifier,1
WordNet,1
レナードジョーンズポテンシャル,1
エディタ,1
pyperclip,1
パフォーマンス,1
医療統計,1
BiSH,1
nanaco,1
Webカメラ,1
init.el,1
ply,1
pcap,1
ARP,1
Mesh,1
naming,1
hug,1
paintschainer,1
ApacheBench,1
アイドルマスター,1
エピデミック,1
連立微分方程式,1
DXF,1
turtle,1
CAD,1
HEMS,1
nodejs,1
Deployment,1
Lasagne,1
padding,1
documentation,1
気象庁,1
VBScript,1
minidom,1
openwearthermap,1
cvxpy,1
倒立振子,1
mpd,1
NanoPi,1
dataflow,1
freezegun,1
カレンダー,1
calendar,1
QLabel,1
Selenium2,1
YOLO,1
plot_surface,1
GeckoDriver,1
Bancor,1
encoding,1
Timestamp,1
YOLOv2,1
CIFAR-10,1
HTMLParser,1
χ二乗検定,1
開発環境構築,1
複素数,1
LUIS,1
cuDNN,1
自動作曲?,1
virtualenv15.1.0,1
ffi,1
udemy,1
動画学習,1
hyperopt,1
awscli,1
NETCONF,1
yang,1
ydk,1
オイラー法,1
ルンゲクッタ法,1
中心差分法,1
ニュートン法,1
非線形方程式,1
二分法,1
台形法,1
シンプソン法,1
数値積分,1
GooglePhotos,1
softmax,1
シェルスクリプト,1
Fourier変換,1
PHP7,1
初心者Pythonもくもく会,1
リコメンデーション,1
mamp,1
CognitiveServices,1
camera,1
print,1
analyst,1
decorator,1
Gentoo,1
和訳,1
テキスト処理,1
COM,1
pubmed,1
glob,1
Yahoo!ジオコーダAPI,1
Yahoo!スタティックマップAPI,1
PGI,1
desitiontree,1
ワードカウント,1
とのさまラボ,1
ymazetest,1
behavioral_test,1
脳,1
NEURON,1
AdminSDK,1
myMemo,1
gitWatch,1
Node,1
XIMEA,1
暗号化,1
FIFO,1
pop,1
append,1
OSXELCapitan,1
WMI,1
Exploratory,1
ビルド,1
プログラミング入門,1
湯本堅隆,1
独習Python入門,1
キーワード可変長引数,1
Eigen,1
ベンチマーク,1
GoogleTranslateAPI,1
pyHook,1
pyHooked,1
CloudFront,1
文字列操作,1
GoogleTranslate,1
DNA,1
central_dogma,1
mRNA,1
パッケージ管理,1
需要予測,1
ipyparallel,1
todo,1
weight,1
t-sne,1
言語予測,1
lint,1
autopep8,1
es6,1
リスト内包表記,1
IAM,1
住宅ローン,1
Floydhub,1
GoogleDataStore,1
投資,1
材料,1
MaterialsProject,1
pymatgen,1
因果推論,1
anytree,1
japanese,1
spaCy,1
CloudMachineLearning,1
boost,1
データフレーム,1
mpmath,1
tesseract,1
Win32API,1
数式,1
VoIP,1
sip,1
パスワード,1
password,1
遊戯王,1
AdaBoost,1
アダブースト,1
OpenSource,1
thrift,1
pythonic,1
librosa,1
JMeter,1
プレゼン,1
プレゼンテーション,1
RISE,1
ダータ分析,1
誤分類,1
confusionmatrix,1
分類,1
SAML,1
pysaml2,1
K近傍法,1
K-nearest,1
embedded,1
年月日計算,1
リバースエンジニアリング,1
Lunascape,1
coursera,1
pyhton3,1
SublimeText,1
Tcl,1
iperf,1
mbed,1
マイコン,1
decisiontree,1
Interpreter,1
ナイーブベイズ,1
errbot,1
Sonnet,1
pysphere,1
探索アルゴリズム,1
DAAL,1
畳み込み,1
fitting,1
TextToSpeech,1
baseball,1
remove,1
photoshop,1
3Dプリンタ,1
アイドル,1
eSpeak,1
OpenJTalk,1
物体認識,1
関数,1
メールアドレス,1
生成,1
環境,1
Digest認証,1
RF_Python,1
Athena,1
LabelEncoder,1
OneHotCoder,1
getdummies,1
WIP,1
PypeR,1
Hython,1
Spine,1
spriteUV2,1
opticalflow,1
cloudflare,1
ラズパイ,1
drag&drop,1
md5,1
sha1,1
murmurhash3,1
pylab,1
commandline,1
command-line,1
RDS,1
要約,1
PredNet,1
convLSTM,1
Xvfb,1
kfold,1
cross_val_score,1
人口知能,1
GLSL,1
pyOpenGL,1
music,1
matplot,1
Geographiclib,1
legend,1
pydot,1
tidy-data,1
セル・オートマトン,1
渋滞学,1
automation,1
robotframework,1
oauth2,1
package,1
Symbol,1
undefined,1
exception,1
エクセル,1
packagecloud,1
さくらサーバ,1
django1.10,1
プロトタイピング,1
pawoo,1
FlatBuffers,1
Cライブラリ,1
Client,1
ローカルサーバ構築,1
jubatus,1
swagger,1
jsonschema,1
libpcap,1
マルチプロセス,1
CodeDeploy,1
etherpad-lite,1
Import,1
OS,1
Instagram,1
RPG,1
direnv,1
pre-commit,1
debugger,1
デバッグ,1
AzureMachineLearning,1
データベース,1
PyQt4,1
blockdiag,1
g,1
ウェーブレット変換,1
PyWavelets,1
Gobot,1
haml,1
Hamlish,1
wiki,1
grip,1
nodebrew,1
genetics,1
plink,1
Logstash,1
JAWS,1
psychopy,1
xkcd,1
pytz,1
WebScraping,1
ESP-WROOM-02,1
ascii,1
2.7,1
BI,1
REAPER,1
JSFX,1
Reascript,1
GoogleKeep,1
BearWriter,1
JWT,1
django-rest-framework-jwt,1
netmiko,1
bottlenose,1
s3cmd,1
DocumentDB,1
GData,1
Hdfs,1
PyArrow,1
drf-nested-routers,1
GAN,1
neural,1
アニメーション,1
位置合わせ,1
将棋,1
N-Queen,1
Beginner,1
benchmark,1
psycopg2,1
Web開発,1
リンク集,1
iverilog,1
linear-regression,1
クリフォード代数,1
inspect,1
itertools,1
pep,1
postfix,1
NetCDF,1
sqs,1
PyQS,1
.NET,1
Dropout,1
sets,1
MTK3339,1
10Hz,1
code,1
reticulate,1
Languageprocessing,1
LYTRO,1
ライトフィールド,1
クラスタ,1
EventListener,1
Keyboard,1
ATARI,1
crf,1
Bluez,1
AVRCP,1
CardIO,1
bash_profile,1
QuickSight,1
map,1
fastq,1
FirebaseDynamicLinks,1
DeathMetal,1
statmodels,1
編集距離,1
レーベンシュタイン距離,1
lpSum,1
lpDot,1
Pythonect,1
データフロープログラミング,1
GoogleCloudFunctions,1
Twisted,1
ズンドコキヨシ,1
Outlook,1
Cinder,1
Alembic,1
さくらVPS,1
Gevent,1
eventlet,1
encode,1
CSS3,1
A2DP,1
Jessie,1
Streams,1
CloudFormation,1
TouchDesigner,1
Chardet,1
標準エラー出力,1
標準出力,1
SWF,1
stepfunctions,1
アイデア大全,1
フィンケのあいまいな部品,1
English,1
SKK,1
SKK日本語入力FEP,1
Pypy,1
データ構造,1
文系,1
ImageJ,1
マハラノビス距離,1
脳波,1
勉強メモ,1
フロントエンド,1
物流,1
logistics,1
vrp,1
ete3,1
etetoolkit,1
OrthoFinder,1
api.ai,1
dialogflow,1
CAE,1
HFS+,1
NTFS,1
inkscape,1
PortAudio,1
ns3,1
awsIoT,1
Adagrad,1
Adam,1
RMSProp,1
sosreport,1
Ubuntu14.04,1
RPyC,1
GoogleImageSearch,1
version,1
バージョン,1
cmd,1
server,1
scp,1
日時,1
F#,1
RTVS,1
VirusTotal,1
NotificationCenter,1
traceroute,1
CodaLab,1
GLPK,1
mailx,1
wheel,1
web.py,1
畳み込みニューラルネットワーク,1
macOSSierra,1
appium,1
DeviceFarm,1
歴史,1
医療情報,1
Webhook,1
python2.6,1
SentimentAnalysis,1
感情分析,1
GitLab,1
command,1
同期処理,1
供養,1
ジャパリパーク,1
パッケージ化,1
U分布,1
Raspberry,1
DSUN-PIR,1
GIMP,1
codingRule,1
minecraft,1
Sinatra,1
Debian8,1
LaTeX,1
温度センサー,1
BME280,1
AmazonLinux,1
LangID,1
Octave,1
localhost,1
ローカル環境,1
webserver,1
StreamingAPI,1
Salesforce,1
フローチャート,1
Windows8,1
めざせライブラリマスター,1
クロージャ,1
ゴミファイル掃除,1
KNP,1
解答,1
MyPaint,1
UTF-8,1
アンチパターン,1
gvim,1
例外,1
reportlab,1
pdfformfiller,1
配列,1
python-2.7,1
出力,1
信号処理,1
NAOqi_OS,1
ESPr_Developer,1
LPM013M126A,1
Cyberduck,1
codecs,1
xilinx,1
,,1
tfidf,1
IPythonNotebook,1
SPARQL,1
foss4g,1
CS立体図,1
SAGA,1
MCMC,1
ギブス・サンプリング,1
clustering,1
tf-idf,1
ソフトウェア開発,1
ArUco,1
SDN,1
OpenFlow,1
Ryu,1
netatmo,1
Cloud,1
canvas,1
RabbitMQ,1
ApplicationInsights,1
外れ値特定,1
wget,1
Pythonista3,1
Blog,1
japandas,1
検定,1
写真表示,1
juniper,1
junos,1
junoscript,1
SourceMap,1
javascripthon,1
python3.x,1
ical,1
icalendar,1
live,1
Memcached,1
FMI,1
JModelica,1
scipi,1
arff,1
置換,1
Keras-RL,1
MBD,1
PPAP,1
socketio,1
素数,1
bootswatch,1
Mechanize,1
AdventCalendar,1
AdventCalendar2016,1
Mailman,1
インデント,1
Python1,1
考古学,1
CognitoUserPool,1
postgres,1
superset,1
gpg,1
SpeechRecognition,1
pydub,1
GC,1
Falcon,1
スペース,1
空白,1
全角,1
codeiq,1
ZooKeeper,1
Kazoo,1
Kivy-Designer,1
RStudio,1
pgadmin4,1
mruby,1
Hospital,1
TravisCI,1
Ediso,1
iTerm2,1
線形計画法,1
単体法,1
svd,1
矩形領域要素分割,1
Redmine,1
オライリー本,1
timezone,1
熱伝導解析,1
１次元,1
sqlite,1
tool,1
Router,1
